model_name,mean_latency,std_latency,min_latency,p95_latency,p99_latency,accuracy,f1_score,memory_usage_mb,model_size_mb,num_parameters,model_path
distilbert,9.06239311036421,0.8179746414353731,7.4022793176118284,9.977760711681913,10.581099126036868,0.7424036281179138,0.7402847138996355,7.504390625,255.42189407348633,66957317.0,models/distilbert
tinybert,5.0160937694838506,0.3861765711821562,4.418014436319936,5.602210252577788,6.137563835796321,0.6780045351473923,0.6681114420687512,2.728828125,54.74782180786133,14351813.0,models/tinybert
