model_path,model_name,mean_latency,std_latency,min_latency,p95_latency,p99_latency,accuracy,f1_score,memory_usage_mb,model_size_mb,num_parameters
models/distilbert,distilbert,9.676621331018396,4.074533898223893,8.281916001578793,9.72657560632797,38.00800790282665,0.7424036281179138,0.7402847138996355,4.796875,255.42189407348633,66957317
models/tinybert,tinybert,5.7684482604963705,4.270397739186713,4.437958006747067,6.203069344337564,34.144761319039404,0.6780045351473923,0.6681114420687512,2.5,54.74782180786133,14351813
